{
  "n_sessions": 5,
  "n_windows": 1408,
  "per_class": {
    "empty": 281,
    "stand": 422,
    "sit": 282,
    "walk": 282,
    "run": 141
  },
  "n_active_sc": 52,
  "configs": [
    "b3/vertical",
    "p1/flat",
    "p2/rot90",
    "p3/vertical",
    "p3/rot90"
  ],
  "presence": {
    "raw": {
      "name": "Raw CSI",
      "acc": 0.8721389108129439,
      "bal": 0.5215173025732032,
      "folds": [
        [
          "b3/vertical",
          0.8923076923076924
        ],
        [
          "p1/flat",
          0.8015873015873016
        ],
        [
          "p2/rot90",
          0.8884462151394422
        ],
        [
          "p3/vertical",
          0.8888888888888888
        ],
        [
          "p3/rot90",
          0.8888888888888888
        ]
      ]
    },
    "calibrated": {
      "name": "Calibrated CSI",
      "acc": 0.941594317284925,
      "bal": 0.8921029281277728,
      "folds": [
        [
          "b3/vertical",
          0.9538461538461539
        ],
        [
          "p1/flat",
          0.8293650793650794
        ],
        [
          "p2/rot90",
          0.9760956175298805
        ],
        [
          "p3/vertical",
          0.9722222222222222
        ],
        [
          "p3/rot90",
          0.9761904761904762
        ]
      ]
    },
    "empty_recall_calibrated": 0.8285714285714286,
    "occ_recall_calibrated": 0.9556344276841171
  },
  "activity": {
    "rssi": {
      "name": "RSSI baseline",
      "acc": 0.4183109707971586,
      "bal": 0.32751950714741884,
      "folds": [
        [
          "b3/vertical",
          0.36153846153846153
        ],
        [
          "p1/flat",
          0.5357142857142857
        ],
        [
          "p2/rot90",
          0.5059760956175299
        ],
        [
          "p3/vertical",
          0.3333333333333333
        ],
        [
          "p3/rot90",
          0.35714285714285715
        ]
      ]
    },
    "raw": {
      "name": "Raw CSI",
      "acc": 0.3804262036306235,
      "bal": 0.29417604210182613,
      "folds": [
        [
          "b3/vertical",
          0.36923076923076925
        ],
        [
          "p1/flat",
          0.38492063492063494
        ],
        [
          "p2/rot90",
          0.32669322709163345
        ],
        [
          "p3/vertical",
          0.4246031746031746
        ],
        [
          "p3/rot90",
          0.3968253968253968
        ]
      ]
    },
    "calibrated": {
      "name": "Calibrated CSI",
      "acc": 0.5011838989739542,
      "bal": 0.4909036911124236,
      "folds": [
        [
          "b3/vertical",
          0.45384615384615384
        ],
        [
          "p1/flat",
          0.4722222222222222
        ],
        [
          "p2/rot90",
          0.46215139442231074
        ],
        [
          "p3/vertical",
          0.5595238095238095
        ],
        [
          "p3/rot90",
          0.5595238095238095
        ]
      ]
    },
    "per_class_recall": {
      "empty": 0.8785714285714286,
      "stand": 0.6255924170616114,
      "sit": 0.2765957446808511,
      "walk": 0.5319148936170213,
      "run": 0.14184397163120568
    }
  },
  "baseline_sensitivity": {
    "contiguous": {
      "empty_recall": 0.3191489361702128,
      "balanced": 0.6333987804187355
    },
    "spread": {
      "empty_recall": 0.8285714285714286,
      "balanced": 0.8921029281277728
    }
  }
}