{
  "RandomForest (baseline)": {
    "kind": "features",
    "presence_bal": 0.8351415335977636,
    "act5_bal": 0.42105211574883317,
    "act5_acc": 0.42707704687185677,
    "per_install_bal": 0.7922745866317155,
    "recall": {
      "empty": 0.8382352941176471,
      "stand": 0.3007246376811594,
      "sit": 0.31178310740354537,
      "walk": 0.44490472245236123,
      "run": 0.2096128170894526
    }
  },
  "ExtraTrees": {
    "kind": "features",
    "presence_bal": 0.8180429984882731,
    "act5_bal": 0.4203541118886093,
    "act5_acc": 0.43472138402735866,
    "per_install_bal": 0.802206979562129,
    "recall": {
      "empty": 0.8266806722689075,
      "stand": 0.3197463768115942,
      "sit": 0.28362877997914493,
      "walk": 0.5368682684341343,
      "run": 0.1348464619492657
    }
  },
  "GradientBoosting": {
    "kind": "features",
    "presence_bal": 0.8332484772958698,
    "act5_bal": 0.44326050171446996,
    "act5_acc": 0.45302755984711324,
    "per_install_bal": 0.786766017086144,
    "recall": {
      "empty": 0.8277310924369747,
      "stand": 0.33605072463768115,
      "sit": 0.3232533889468196,
      "walk": 0.5169842584921293,
      "run": 0.21228304405874499
    }
  },
  "LogisticRegression": {
    "kind": "features",
    "presence_bal": 0.7926628974555734,
    "act5_bal": 0.4029552764222548,
    "act5_acc": 0.41259303962985316,
    "per_install_bal": 0.8497373391238308,
    "recall": {
      "empty": 0.8361344537815126,
      "stand": 0.3161231884057971,
      "sit": 0.31282586027111575,
      "walk": 0.424192212096106,
      "run": 0.12550066755674233
    }
  },
  "SVM (RBF)": {
    "kind": "features",
    "presence_bal": 0.8175690156629958,
    "act5_bal": 0.4232950153194996,
    "act5_acc": 0.41742104204385433,
    "per_install_bal": 0.8316260179328622,
    "recall": {
      "empty": 0.884453781512605,
      "stand": 0.2617753623188406,
      "sit": 0.32638164754953075,
      "walk": 0.3247721623860812,
      "run": 0.3190921228304406
    }
  },
  "k-NN (k=15)": {
    "kind": "features",
    "presence_bal": 0.7545083908158934,
    "act5_bal": 0.37370392993132134,
    "act5_acc": 0.37356668678334337,
    "per_install_bal": 0.661311623091951,
    "recall": {
      "empty": 0.8707983193277311,
      "stand": 0.2210144927536232,
      "sit": 0.20959332638164754,
      "walk": 0.34548467274233635,
      "run": 0.22162883845126835
    }
  },
  "NaiveBayes": {
    "kind": "features",
    "presence_bal": 0.8178864417127887,
    "act5_bal": 0.4505605995115414,
    "act5_acc": 0.4508147254073627,
    "per_install_bal": 0.6398833259316312,
    "recall": {
      "empty": 0.8918067226890757,
      "stand": 0.3442028985507246,
      "sit": 0.43899895724713245,
      "walk": 0.34548467274233635,
      "run": 0.23230974632843793
    }
  },
  "MLP neural net": {
    "kind": "features",
    "presence_bal": 0.8052442860697402,
    "act5_bal": 0.41675516381174926,
    "act5_acc": 0.41339770669885334,
    "per_install_bal": 0.6676783841798891,
    "recall": {
      "empty": 0.8035714285714286,
      "stand": 0.29257246376811596,
      "sit": 0.2492179353493222,
      "walk": 0.38193869096934546,
      "run": 0.35647530040053405
    }
  },
  "1D-CNN (raw)": {
    "kind": "raw-deep",
    "presence_bal": 0.5858532265854837,
    "act5_bal": 0.46015402239978476,
    "act5_acc": 0.46710923355461675,
    "per_install_bal": NaN,
    "recall": {
      "empty": 0.4411764705882353,
      "stand": 0.46648550724637683,
      "sit": 0.18143899895724713,
      "walk": 0.6669428334714167,
      "run": 0.5447263017356475
    }
  },
  "GRU (raw)": {
    "kind": "raw-deep",
    "presence_bal": 0.6412389103439335,
    "act5_bal": 0.371042368120453,
    "act5_acc": 0.38060752363709516,
    "per_install_bal": NaN,
    "recall": {
      "empty": 0.4989495798319328,
      "stand": 0.45742753623188404,
      "sit": 0.15224191866527634,
      "walk": 0.4515327257663629,
      "run": 0.29506008010680906
    }
  }
}